,2022,2021,2020,2019,2018,2017,2016,2015,2014,2013,2012,2011,2010,
TOTAL NACIONAL,
    1. CONTRA LAS PERSONAS,212804.0,183590.0,161406.0,186110.0,177165.0,174217.0,166431.0,223893.0,281713.0,274655.0,286446.0,300654.0,297488.0,
    1.1.-Homicidios dolosos/asesinatos,1539.0,1322.0,1201.0,1167.0,1088.0,1106.0,1107.0,964.0,1048.0,964.0,1125.0,1210.0,1177.0,
    1.1.1.-Homicidios dolosos/asesinatos consumados,325.0,293.0,298.0,331.0,289.0,307.0,294.0,302.0,323.0,302.0,364.0,385.0,401.0,
    1.2.-Lesiones,113704.0,96159.0,81449.0,103341.0,99928.0,100354.0,97108.0,97012.0,98821.0,100193.0,105913.0,112824.0,113067.0,
    1.4.-Otros contra las personas,4866.0,4106.0,3553.0,4178.0,3840.0,2945.0,2114.0,61799.0,119452.0,113679.0,119705.0,124360.0,122937.0,
    2.2.-Otros contra la libertad,128214.0,124859.0,111017.0,111110.0,106723.0,104793.0,100939.0,63139.0,26995.0,26646.0,26953.0,27437.0,25106.0,
    3.3.-Corrupción de menores o incapacitados,384.0,347.0,350.0,369.0,268.0,400.0,368.0,432.0,386.0,320.0,278.0,253.0,345.0,
    3.4.-Pornografía de menores,707.0,739.0,762.0,866.0,892.0,767.0,621.0,748.0,625.0,508.0,569.0,715.0,953.0,
    3.5.-Otros contra la libertad sexual,2226.0,2074.0,2001.0,2120.0,1895.0,1809.0,1829.0,1683.0,1685.0,1552.0,1429.0,1558.0,1600.0,
    5. PATRIMONIO,1747464.0,1434698.0,1304424.0,1707144.0,1664242.0,1593930.0,1572967.0,1573983.0,1595984.0,1679585.0,1754632.0,1742631.0,1779019.0,
    5.1.-Hurtos,642276.0,493479.0,420950.0,700453.0,706072.0,712398.0,711507.0,715469.0,727800.0,770296.0,790281.0,786704.0,785635.0,
    5.2.-Robos con fuerza en las cosas,265901.0,229137.0,219091.0,298098.0,302043.0,301734.0,318164.0,322705.0,344875.0,381777.0,405939.0,414961.0,443772.0,
    5.3.-Robos con violencia o intimidación,63392.0,53073.0,45263.0,65874.0,60295.0,61763.0,62952.0,64581.0,70855.0,86034.0,96607.0,87718.0,84411.0,
    5.4.-Sustracción de vehículos,30767.0,26417.0,25387.0,35105.0,35897.0,42519.0,43335.0,43170.0,43206.0,48855.0,55197.0,60061.0,65948.0,
    5.5.-Estafas,465906.0,372678.0,360551.0,327616.0,289182.0,214595.0,179718.0,165267.0,140418.0,122464.0,124647.0,106262.0,102567.0,
    5.5.1.-Estafas informáticas,335995.0,267011.0,257907.0,192375.0,88760.0,60511.0,45894.0,40864.0,32842.0,26664.0,27231.0,21075.0,20563.0,
    5.6.-Daños,213694.0,201828.0,180429.0,219424.0,213815.0,214246.0,214709.0,215519.0,218166.0,226619.0,246355.0,254361.0,266291.0,
    5.8.-Blanqueo de capitales,411.0,343.0,310.0,295.0,272.0,260.0,262.0,290.0,230.0,243.0,199.0,171.0,182.0,
    5.9.-Otros contra el patrimonio,63900.0,56567.0,51513.0,58472.0,54461.0,44793.0,40431.0,44935.0,47826.0,40037.0,32523.0,29750.0,26594.0,
    6.1.-Tráfico de drogas,19057.0,18313.0,17112.0,16624.0,14133.0,12958.0,12448.0,12069.0,13411.0,14296.0,14509.0,15220.0,14391.0,
    7. FALSEDADES,37717.0,34058.0,24020.0,24529.0,22399.0,20640.0,19958.0,19224.0,18408.0,17262.0,18223.0,20175.0,17502.0,
    8. ADMÓN. PÚBLICA,509.0,541.0,350.0,416.0,510.0,668.0,553.0,535.0,521.0,391.0,325.0,341.0,416.0,
    9. ADMÓN. JUSTICIA,37910.0,33370.0,31140.0,32082.0,30290.0,29001.0,27647.0,27538.0,28034.0,27245.0,28205.0,29410.0,27905.0,
    10. ORDEN PÚBLICO,28562.0,27594.0,30272.0,21877.0,20121.0,19591.0,18867.0,23160.0,29466.0,31489.0,33582.0,36317.0,33767.0,
    11. LEGISLACIÓN ESPECIAL,330.0,343.0,325.0,306.0,209.0,165.0,143.0,192.0,185.0,205.0,237.0,285.0,234.0,
    TOTAL INFRACCIONES PENALES,2323075.0,1957719.0,1766779.0,2199475.0,2131118.0,2045784.0,2009690.0,2036815.0,2092040.0,2172133.0,2268867.0,2285525.0,2297484.0,
ANDALUCÍA,
    1. CONTRA LAS PERSONAS,42594.0,37296.0,33578.0,37130.0,35043.0,35087.0,33661.0,47420.0,59774.0,56840.0,59894.0,64275.0,63795.0,
    1.1.-Homicidios dolosos/asesinatos,358.0,274.0,298.0,238.0,262.0,256.0,295.0,218.0,224.0,247.0,247.0,305.0,276.0,
    1.1.1.-Homicidios dolosos/asesinatos consumados,74.0,55.0,61.0,82.0,72.0,49.0,68.0,65.0,69.0,65.0,68.0,85.0,78.0,
    1.2.-Lesiones,23218.0,19996.0,17412.0,20624.0,19547.0,20068.0,19149.0,19400.0,20038.0,19956.0,20923.0,22084.0,22742.0,
    1.4.-Otros contra las personas,899.0,712.0,647.0,813.0,793.0,584.0,470.0,13771.0,26204.0,24396.0,26202.0,28084.0,27928.0,
    2.2.-Otros contra la libertad,25760.0,24485.0,23391.0,22999.0,21842.0,21570.0,20481.0,11879.0,4383.0,4194.0,4194.0,4369.0,4082.0,
    3.3.-Corrupción de menores o incapacitados,84.0,68.0,74.0,92.0,63.0,104.0,64.0,98.0,95.0,87.0,47.0,64.0,75.0,
    3.4.-Pornografía de menores,118.0,125.0,149.0,132.0,154.0,153.0,111.0,136.0,85.0,86.0,85.0,97.0,138.0,
    3.5.-Otros contra la libertad sexual,505.0,395.0,383.0,423.0,380.0,377.0,356.0,321.0,352.0,309.0,309.0,285.0,317.0,
    5. PATRIMONIO,264965.0,210150.0,190744.0,239711.0,240939.0,242164.0,243163.0,241975.0,249797.0,273325.0,289754.0,295431.0,303476.0,
    5.1.-Hurtos,89038.0,68916.0,57435.0,91298.0,93459.0,103746.0,109491.0,110768.0,115850.0,127933.0,133759.0,134955.0,136528.0,
    5.2.-Robos con fuerza en las cosas,44168.0,36839.0,37257.0,47542.0,50084.0,52435.0,54283.0,54298.0,58021.0,67166.0,70769.0,74161.0,79070.0,
    5.3.-Robos con violencia o intimidación,7335.0,5911.0,5187.0,7302.0,7093.0,7668.0,7431.0,7283.0,8291.0,10531.0,11673.0,11867.0,12194.0,
    5.4.-Sustracción de vehículos,5578.0,4848.0,4821.0,6511.0,6872.0,8755.0,8835.0,9008.0,8312.0,9125.0,11294.0,12037.0,14065.0,
    5.5.-Estafas,71365.0,51014.0,47435.0,42331.0,37835.0,25201.0,21545.0,19399.0,16980.0,15060.0,15575.0,15107.0,12900.0,
    5.5.1.-Estafas informáticas,49323.0,35288.0,33036.0,23237.0,15081.0,10366.0,8165.0,6536.0,5666.0,4481.0,4378.0,3609.0,3433.0,
    5.6.-Daños,34850.0,31827.0,28242.0,33332.0,34236.0,35372.0,34528.0,33579.0,34646.0,36487.0,41013.0,42657.0,44486.0,
    5.8.-Blanqueo de capitales,107.0,86.0,72.0,82.0,82.0,61.0,57.0,71.0,88.0,71.0,53.0,46.0,49.0,
    5.9.-Otros contra el patrimonio,12347.0,10492.0,10055.0,10874.0,10714.0,8481.0,6470.0,7043.0,6846.0,5981.0,4788.0,4022.0,3375.0,
    6.1.-Tráfico de drogas,4616.0,4816.0,4679.0,4366.0,3663.0,3472.0,3143.0,3086.0,3336.0,3274.0,3407.0,3513.0,3019.0,
    7. FALSEDADES,6385.0,5643.0,4071.0,3988.0,3740.0,3594.0,3606.0,3524.0,3150.0,3013.0,3211.0,3265.0,2638.0,
    8. ADMÓN. PÚBLICA,91.0,77.0,68.0,93.0,123.0,120.0,190.0,146.0,215.0,103.0,67.0,70.0,101.0,
    9. ADMÓN. JUSTICIA,7625.0,6732.0,6662.0,6728.0,6464.0,6196.0,5870.0,6379.0,6650.0,6347.0,6422.0,6537.0,5957.0,
    10. ORDEN PÚBLICO,5077.0,4900.0,5807.0,4172.0,3889.0,3573.0,3450.0,4252.0,5224.0,5666.0,5800.0,6492.0,6181.0,
    11. LEGISLACIÓN ESPECIAL,215.0,241.0,230.0,191.0,129.0,91.0,86.0,72.0,56.0,76.0,82.0,106.0,78.0,
    TOTAL INFRACCIONES PENALES,379133.0,314894.0,287594.0,339321.0,334841.0,334331.0,331836.0,337124.0,352221.0,373846.0,394940.0,407120.0,409396.0,
ARAGÓN,
    1. CONTRA LAS PERSONAS,5597.0,4530.0,4083.0,4760.0,4474.0,4146.0,4005.0,4735.0,5975.0,6330.0,5987.0,6848.0,6752.0,
    1.1.-Homicidios dolosos/asesinatos,37.0,18.0,39.0,15.0,17.0,23.0,25.0,23.0,18.0,14.0,16.0,14.0,23.0,
    1.1.1.-Homicidios dolosos/asesinatos consumados,10.0,5.0,4.0,6.0,9.0,8.0,8.0,9.0,5.0,7.0,6.0,6.0,10.0,
    1.2.-Lesiones,2838.0,2235.0,1798.0,2407.0,2249.0,2137.0,2073.0,2016.0,2219.0,2329.0,2294.0,2584.0,2658.0,
    1.4.-Otros contra las personas,95.0,110.0,88.0,92.0,115.0,57.0,43.0,1006.0,2020.0,2268.0,2119.0,2337.0,2558.0,
    2.2.-Otros contra la libertad,2437.0,2477.0,2182.0,1991.0,1960.0,1822.0,1883.0,1080.0,546.0,522.0,535.0,575.0,548.0,
    3.3.-Corrupción de menores o incapacitados,18.0,14.0,10.0,11.0,11.0,11.0,20.0,21.0,17.0,18.0,8.0,15.0,7.0,
    3.4.-Pornografía de menores,20.0,28.0,13.0,20.0,26.0,18.0,8.0,19.0,16.0,14.0,17.0,24.0,29.0,
    3.5.-Otros contra la libertad sexual,51.0,43.0,55.0,40.0,50.0,40.0,39.0,33.0,34.0,40.0,30.0,35.0,41.0,
    5. PATRIMONIO,34667.0,30192.0,25509.0,31651.0,29952.0,28437.0,28874.0,29101.0,30042.0,32032.0,35860.0,38211.0,39806.0,
    5.1.-Hurtos,10629.0,8925.0,6747.0,10546.0,10710.0,11004.0,11936.0,12155.0,12775.0,14058.0,16318.0,17216.0,17195.0,
    5.2.-Robos con fuerza en las cosas,5193.0,4365.0,3652.0,5471.0,5200.0,5167.0,5615.0,5636.0,5958.0,6993.0,7806.0,8712.0,9835.0,
    5.3.-Robos con violencia o intimidación,1195.0,960.0,769.0,1033.0,919.0,798.0,910.0,820.0,915.0,1240.0,1460.0,1566.0,1620.0,
    5.4.-Sustracción de vehículos,279.0,252.0,190.0,242.0,279.0,392.0,388.0,373.0,406.0,504.0,573.0,811.0,1017.0,
    5.5.-Estafas,10923.0,9165.0,8757.0,7973.0,6747.0,4803.0,3813.0,3685.0,3174.0,2397.0,2559.0,2222.0,1862.0,
    5.5.1.-Estafas informáticas,8732.0,7310.0,6970.0,4536.0,3131.0,1860.0,1437.0,1470.0,1426.0,927.0,984.0,631.0,536.0,
    5.6.-Daños,5208.0,5347.0,4414.0,5122.0,4804.0,5165.0,5222.0,5355.0,5754.0,5993.0,6545.0,7121.0,7686.0,
    5.8.-Blanqueo de capitales,10.0,6.0,12.0,3.0,2.0,3.0,8.0,5.0,4.0,7.0,5.0,6.0,3.0,
    5.9.-Otros contra el patrimonio,1210.0,1143.0,948.0,1227.0,1272.0,1084.0,954.0,1025.0,994.0,773.0,542.0,493.0,487.0,
    6.1.-Tráfico de drogas,420.0,407.0,323.0,351.0,336.0,270.0,252.0,285.0,313.0,343.0,262.0,318.0,311.0,
    7. FALSEDADES,631.0,673.0,590.0,446.0,433.0,357.0,330.0,303.0,306.0,339.0,329.0,401.0,331.0,
    8. ADMÓN. PÚBLICA,12.0,7.0,14.0,3.0,9.0,6.0,9.0,10.0,9.0,20.0,6.0,17.0,11.0,
    9. ADMÓN. JUSTICIA,860.0,696.0,686.0,799.0,710.0,612.0,594.0,674.0,808.0,616.0,618.0,627.0,593.0,
    10. ORDEN PÚBLICO,882.0,665.0,807.0,570.0,526.0,473.0,438.0,494.0,636.0,733.0,759.0,868.0,772.0,
    11. LEGISLACIÓN ESPECIAL,3.0,0.0,1.0,2.0,2.0,1.0,1.0,2.0,4.0,3.0,3.0,6.0,3.0,
    TOTAL INFRACCIONES PENALES,47889.0,41796.0,36024.0,42583.0,40367.0,37878.0,38146.0,38384.0,40460.0,42735.0,46401.0,50210.0,51214.0,
ASTURIAS (PRINCIPADO DE),
    1. CONTRA LAS PERSONAS,3895.0,3208.0,3038.0,3368.0,3159.0,3160.0,3239.0,4238.0,5429.0,5617.0,5677.0,6256.0,6171.0,
    1.1.-Homicidios dolosos/asesinatos,22.0,9.0,14.0,18.0,18.0,16.0,22.0,18.0,27.0,17.0,15.0,22.0,37.0,
    1.1.1.-Homicidios dolosos/asesinatos consumados,6.0,1.0,5.0,7.0,7.0,5.0,6.0,4.0,7.0,8.0,6.0,9.0,19.0,
    1.2.-Lesiones,2213.0,1743.0,1589.0,1947.0,1844.0,1906.0,1989.0,1935.0,1951.0,2102.0,2200.0,2416.0,2315.0,
    1.4.-Otros contra las personas,67.0,63.0,54.0,59.0,51.0,49.0,49.0,1110.0,2238.0,2283.0,2182.0,2349.0,2477.0,
    2.2.-Otros contra la libertad,2123.0,1855.0,1824.0,1765.0,1639.0,1754.0,1694.0,1027.0,381.0,444.0,458.0,433.0,452.0,
    3.3.-Corrupción de menores o incapacitados,9.0,8.0,2.0,3.0,11.0,1.0,2.0,7.0,8.0,7.0,2.0,8.0,6.0,
    3.4.-Pornografía de menores,11.0,19.0,12.0,11.0,11.0,8.0,10.0,10.0,7.0,9.0,11.0,8.0,25.0,
    3.5.-Otros contra la libertad sexual,37.0,37.0,39.0,30.0,36.0,23.0,24.0,23.0,18.0,22.0,17.0,19.0,21.0,
    5. PATRIMONIO,22476.0,18028.0,16593.0,19066.0,18807.0,17964.0,18359.0,18946.0,19530.0,20834.0,20612.0,18959.0,18724.0,
    5.1.-Hurtos,6810.0,4705.0,4148.0,6780.0,7223.0,7261.0,7638.0,8275.0,8715.0,10060.0,10381.0,9322.0,8721.0,
    5.2.-Robos con fuerza en las cosas,2083.0,1976.0,1891.0,2440.0,2359.0,2650.0,3043.0,3075.0,3222.0,3348.0,3553.0,3489.0,4028.0,
    5.3.-Robos con violencia o intimidación,392.0,295.0,317.0,362.0,355.0,371.0,531.0,603.0,683.0,766.0,836.0,643.0,612.0,
    5.4.-Sustracción de vehículos,239.0,259.0,289.0,224.0,211.0,394.0,371.0,449.0,484.0,451.0,480.0,664.0,665.0,
    5.5.-Estafas,8799.0,7053.0,6530.0,5575.0,4815.0,3551.0,2955.0,2446.0,2033.0,1646.0,1544.0,1352.0,1125.0,
    5.5.1.-Estafas informáticas,7661.0,6187.0,5623.0,3657.0,2371.0,1677.0,1277.0,1002.0,690.0,585.0,475.0,376.0,320.0,
    5.6.-Daños,3151.0,2931.0,2625.0,2824.0,2994.0,3008.0,3025.0,3112.0,3265.0,3718.0,3429.0,3195.0,3294.0,
    5.8.-Blanqueo de capitales,1.0,1.0,1.0,1.0,4.0,3.0,0.0,1.0,1.0,3.0,0.0,2.0,1.0,
    5.9.-Otros contra el patrimonio,988.0,797.0,786.0,842.0,809.0,719.0,784.0,969.0,1101.0,819.0,357.0,273.0,246.0,
    6.1.-Tráfico de drogas,170.0,166.0,180.0,206.0,140.0,130.0,103.0,154.0,167.0,189.0,206.0,240.0,154.0,
    7. FALSEDADES,592.0,411.0,305.0,220.0,185.0,178.0,201.0,188.0,185.0,157.0,204.0,179.0,129.0,
    8. ADMÓN. PÚBLICA,2.0,8.0,2.0,6.0,3.0,3.0,0.0,4.0,0.0,8.0,6.0,7.0,2.0,
    9. ADMÓN. JUSTICIA,729.0,568.0,560.0,567.0,557.0,575.0,512.0,446.0,502.0,447.0,408.0,516.0,519.0,
    10. ORDEN PÚBLICO,506.0,489.0,540.0,360.0,376.0,409.0,368.0,449.0,626.0,664.0,781.0,766.0,708.0,
    11. LEGISLACIÓN ESPECIAL,1.0,1.0,1.0,2.0,0.0,1.0,0.0,0.0,2.0,1.0,1.0,0.0,2.0,
    TOTAL INFRACCIONES PENALES,32093.0,26340.0,24324.0,27163.0,26433.0,25652.0,26093.0,26982.0,28430.0,30049.0,30164.0,29158.0,28481.0,
BALEARS (ILLES),
    1. CONTRA LAS PERSONAS,9288.0,7431.0,6407.0,8110.0,7545.0,7096.0,6609.0,7774.0,9299.0,9030.0,8966.0,9608.0,8938.0,
    1.1.-Homicidios dolosos/asesinatos,39.0,38.0,37.0,48.0,44.0,32.0,32.0,35.0,33.0,33.0,30.0,60.0,41.0,
    1.1.1.-Homicidios dolosos/asesinatos consumados,3.0,6.0,7.0,6.0,8.0,4.0,9.0,8.0,12.0,10.0,5.0,12.0,6.0,
    1.2.-Lesiones,4169.0,3101.0,2765.0,3774.0,3806.0,3679.0,3456.0,3301.0,3325.0,3325.0,3387.0,3702.0,3358.0,
    1.4.-Otros contra las personas,212.0,178.0,131.0,165.0,137.0,132.0,76.0,1791.0,3439.0,3247.0,3317.0,3499.0,3402.0,
    2.2.-Otros contra la libertad,5221.0,4937.0,4514.0,4192.0,3864.0,3893.0,3744.0,2213.0,922.0,853.0,878.0,971.0,923.0,
    3.3.-Corrupción de menores o incapacitados,23.0,19.0,28.0,14.0,16.0,9.0,27.0,17.0,19.0,18.0,20.0,15.0,16.0,
    3.4.-Pornografía de menores,14.0,22.0,17.0,16.0,17.0,19.0,17.0,11.0,23.0,27.0,13.0,24.0,43.0,
    3.5.-Otros contra la libertad sexual,124.0,101.0,86.0,95.0,72.0,86.0,73.0,76.0,56.0,49.0,61.0,74.0,89.0,
    5. PATRIMONIO,53397.0,41567.0,42187.0,58274.0,55800.0,55129.0,51859.0,50642.0,52211.0,57282.0,58202.0,57572.0,54693.0,
    5.1.-Hurtos,24460.0,16433.0,12478.0,26584.0,27629.0,29183.0,27962.0,27662.0,29784.0,34526.0,33392.0,31650.0,28551.0,
    5.2.-Robos con fuerza en las cosas,7048.0,6119.0,5724.0,7883.0,7967.0,8666.0,8737.0,8506.0,9219.0,10050.0,11756.0,13000.0,13221.0,
    5.3.-Robos con violencia o intimidación,1272.0,896.0,749.0,1314.0,1230.0,1354.0,1186.0,1069.0,1217.0,1319.0,1585.0,1608.0,1476.0,
    5.4.-Sustracción de vehículos,1564.0,1073.0,1021.0,1429.0,1432.0,1717.0,1925.0,1770.0,1445.0,1582.0,1650.0,1861.0,1970.0,
    5.5.-Estafas,11548.0,10021.0,15834.0,13083.0,9812.0,6696.0,5028.0,4741.0,3650.0,3218.0,3175.0,2824.0,2634.0,
    5.5.1.-Estafas informáticas,7452.0,7005.0,10879.0,7702.0,5491.0,3156.0,2113.0,2264.0,1304.0,1049.0,956.0,749.0,546.0,
    5.6.-Daños,5284.0,5010.0,4596.0,5625.0,5479.0,5290.0,5064.0,4994.0,4949.0,4821.0,5391.0,5573.0,5763.0,
    5.8.-Blanqueo de capitales,9.0,4.0,8.0,8.0,5.0,4.0,4.0,8.0,6.0,4.0,4.0,10.0,10.0,
    5.9.-Otros contra el patrimonio,2140.0,1937.0,1746.0,2215.0,2137.0,2142.0,1862.0,1776.0,1801.0,1649.0,1166.0,967.0,979.0,
    6.1.-Tráfico de drogas,627.0,389.0,431.0,656.0,514.0,483.0,500.0,419.0,560.0,561.0,435.0,436.0,320.0,
    7. FALSEDADES,1045.0,1008.0,671.0,716.0,639.0,476.0,479.0,417.0,380.0,405.0,419.0,450.0,388.0,
    8. ADMÓN. PÚBLICA,22.0,7.0,16.0,11.0,6.0,18.0,27.0,8.0,15.0,7.0,15.0,24.0,20.0,
    9. ADMÓN. JUSTICIA,1499.0,1357.0,1215.0,1095.0,963.0,950.0,980.0,916.0,846.0,798.0,781.0,832.0,888.0,
    10. ORDEN PÚBLICO,884.0,718.0,1047.0,652.0,599.0,634.0,643.0,791.0,947.0,1009.0,1003.0,1000.0,854.0,
    11. LEGISLACIÓN ESPECIAL,1.0,0.0,1.0,0.0,2.0,0.0,3.0,2.0,3.0,1.0,0.0,0.0,1.0,
    TOTAL INFRACCIONES PENALES,75982.0,61015.0,59750.0,77662.0,73661.0,72157.0,68160.0,66680.0,68747.0,73833.0,74558.0,74455.0,70162.0,
CANARIAS,
    1. CONTRA LAS PERSONAS,13601.0,12465.0,11643.0,12396.0,11805.0,11744.0,11021.0,15540.0,19560.0,19224.0,19993.0,21243.0,21268.0,
    1.1.-Homicidios dolosos/asesinatos,60.0,53.0,54.0,64.0,66.0,56.0,65.0,64.0,55.0,50.0,55.0,58.0,61.0,
    1.1.1.-Homicidios dolosos/asesinatos consumados,13.0,16.0,12.0,20.0,25.0,20.0,21.0,20.0,12.0,13.0,15.0,17.0,17.0,
    1.2.-Lesiones,7038.0,6534.0,5938.0,6922.0,6629.0,6892.0,6370.0,6409.0,6075.0,6408.0,6839.0,6839.0,7562.0,
    1.4.-Otros contra las personas,443.0,380.0,318.0,368.0,335.0,146.0,99.0,4721.0,9503.0,8742.0,9164.0,10237.0,10133.0,
    2.2.-Otros contra la libertad,9119.0,9192.0,9003.0,8478.0,8242.0,8074.0,7649.0,4563.0,1333.0,1395.0,1283.0,1417.0,1166.0,
    3.3.-Corrupción de menores o incapacitados,19.0,11.0,42.0,34.0,8.0,25.0,23.0,31.0,15.0,14.0,30.0,24.0,29.0,
    3.4.-Pornografía de menores,33.0,54.0,54.0,68.0,52.0,45.0,26.0,27.0,34.0,32.0,38.0,27.0,51.0,
    3.5.-Otros contra la libertad sexual,114.0,92.0,101.0,97.0,79.0,83.0,87.0,61.0,52.0,60.0,59.0,79.0,70.0,
    5. PATRIMONIO,61602.0,49285.0,53017.0,64716.0,61599.0,62255.0,61781.0,60740.0,59759.0,62970.0,66731.0,65378.0,61351.0,
    5.1.-Hurtos,23596.0,17144.0,16683.0,26122.0,27229.0,30127.0,30971.0,30242.0,30658.0,32519.0,32454.0,31825.0,29107.0,
    5.2.-Robos con fuerza en las cosas,8596.0,7639.0,7501.0,10888.0,11598.0,12638.0,12658.0,12752.0,12614.0,13661.0,14956.0,14378.0,13784.0,
    5.3.-Robos con violencia o intimidación,1615.0,1316.0,1180.0,1535.0,1490.0,1436.0,1537.0,1530.0,1628.0,1818.0,2011.0,2017.0,1944.0,
    5.4.-Sustracción de vehículos,1244.0,983.0,1012.0,1295.0,1354.0,1797.0,1606.0,1677.0,1822.0,1893.0,2168.0,2789.0,2929.0,
    5.5.-Estafas,16263.0,12655.0,17514.0,14382.0,9981.0,6447.0,5480.0,5289.0,4197.0,3736.0,5267.0,4205.0,3335.0,
    5.5.1.-Estafas informáticas,11699.0,8916.0,12642.0,7286.0,3097.0,2172.0,1696.0,1838.0,1371.0,1161.0,2118.0,1384.0,978.0,
    5.6.-Daños,7688.0,7413.0,6729.0,7480.0,7217.0,7324.0,7240.0,7168.0,7170.0,8060.0,8721.0,9131.0,9348.0,
    5.8.-Blanqueo de capitales,10.0,15.0,8.0,14.0,14.0,13.0,15.0,21.0,5.0,5.0,10.0,4.0,2.0,
    5.9.-Otros contra el patrimonio,2499.0,2072.0,2354.0,2846.0,2604.0,2398.0,2187.0,1975.0,1597.0,1196.0,1071.0,985.0,841.0,
    6.1.-Tráfico de drogas,744.0,531.0,573.0,603.0,620.0,597.0,601.0,569.0,557.0,615.0,614.0,777.0,799.0,
    7. FALSEDADES,1290.0,1208.0,1000.0,1114.0,754.0,875.0,643.0,701.0,552.0,516.0,554.0,662.0,439.0,
    8. ADMÓN. PÚBLICA,23.0,33.0,17.0,17.0,13.0,135.0,26.0,18.0,17.0,12.0,21.0,16.0,22.0,
    9. ADMÓN. JUSTICIA,1975.0,1821.0,1720.0,1721.0,1485.0,1521.0,1298.0,1266.0,1339.0,1298.0,1329.0,1428.0,1312.0,
    10. ORDEN PÚBLICO,935.0,1082.0,1395.0,922.0,855.0,886.0,863.0,1001.0,1309.0,1293.0,1497.0,1586.0,1643.0,
    11. LEGISLACIÓN ESPECIAL,1.0,1.0,1.0,13.0,0.0,1.0,3.0,5.0,3.0,4.0,5.0,19.0,5.0,
    TOTAL INFRACCIONES PENALES,95451.0,81232.0,83635.0,95639.0,90649.0,91359.0,88782.0,89539.0,90133.0,93341.0,97973.0,98942.0,93965.0,
CANTABRIA,
    1. CONTRA LAS PERSONAS,2463.0,2069.0,1748.0,2053.0,2110.0,1941.0,1971.0,2656.0,3312.0,3180.0,3292.0,3711.0,3564.0,
    1.1.-Homicidios dolosos/asesinatos,12.0,15.0,4.0,15.0,5.0,7.0,8.0,8.0,4.0,5.0,6.0,4.0,7.0,
    1.1.1.-Homicidios dolosos/asesinatos consumados,1.0,4.0,1.0,6.0,2.0,3.0,0.0,3.0,3.0,4.0,1.0,2.0,2.0,
    1.2.-Lesiones,1504.0,1244.0,1042.0,1300.0,1424.0,1323.0,1341.0,1366.0,1304.0,1405.0,1448.0,1603.0,1519.0,
    1.4.-Otros contra las personas,82.0,102.0,93.0,105.0,82.0,55.0,50.0,700.0,1456.0,1223.0,1304.0,1532.0,1476.0,
    2.2.-Otros contra la libertad,1492.0,1546.0,1321.0,1320.0,1245.0,1219.0,1116.0,738.0,223.0,193.0,213.0,227.0,187.0,
    3.3.-Corrupción de menores o incapacitados,4.0,1.0,2.0,2.0,1.0,0.0,0.0,1.0,4.0,0.0,2.0,0.0,5.0,
    3.4.-Pornografía de menores,11.0,5.0,5.0,8.0,8.0,4.0,8.0,12.0,8.0,4.0,4.0,6.0,16.0,
    3.5.-Otros contra la libertad sexual,18.0,16.0,18.0,16.0,18.0,12.0,17.0,8.0,7.0,8.0,6.0,10.0,19.0,
    5. PATRIMONIO,17321.0,14239.0,11558.0,12953.0,12552.0,12678.0,12290.0,11661.0,11701.0,11875.0,12651.0,11901.0,11770.0,
    5.1.-Hurtos,4878.0,3820.0,3236.0,4868.0,4669.0,4983.0,5108.0,5097.0,5436.0,5940.0,6011.0,5391.0,5194.0,
    5.2.-Robos con fuerza en las cosas,2841.0,2528.0,2225.0,2471.0,2559.0,2600.0,2562.0,2279.0,2550.0,2432.0,2859.0,2560.0,2547.0,
    5.3.-Robos con violencia o intimidación,242.0,194.0,178.0,223.0,177.0,214.0,214.0,261.0,296.0,371.0,419.0,323.0,397.0,
    5.4.-Sustracción de vehículos,86.0,140.0,100.0,132.0,123.0,207.0,245.0,250.0,245.0,264.0,344.0,330.0,396.0,
    5.5.-Estafas,5881.0,4473.0,3269.0,2259.0,2241.0,2139.0,1666.0,1370.0,1046.0,803.0,708.0,794.0,681.0,
    5.5.1.-Estafas informáticas,4349.0,3243.0,2513.0,1766.0,1704.0,1419.0,1028.0,776.0,589.0,281.0,233.0,231.0,210.0,
    5.6.-Daños,2760.0,2426.0,2039.0,2245.0,2052.0,2024.0,1956.0,1735.0,1672.0,1672.0,1935.0,2207.0,2286.0,
    5.8.-Blanqueo de capitales,2.0,2.0,0.0,0.0,2.0,1.0,1.0,3.0,0.0,0.0,2.0,3.0,16.0,
    5.9.-Otros contra el patrimonio,609.0,632.0,499.0,738.0,710.0,504.0,527.0,656.0,428.0,368.0,347.0,275.0,222.0,
    6.1.-Tráfico de drogas,83.0,96.0,96.0,86.0,87.0,63.0,92.0,115.0,110.0,92.0,103.0,101.0,102.0,
    7. FALSEDADES,259.0,222.0,150.0,162.0,124.0,106.0,145.0,113.0,99.0,99.0,138.0,159.0,104.0,
    8. ADMÓN. PÚBLICA,2.0,2.0,4.0,3.0,0.0,3.0,2.0,3.0,1.0,1.0,2.0,1.0,3.0,
    9. ADMÓN. JUSTICIA,390.0,276.0,278.0,282.0,318.0,269.0,229.0,256.0,277.0,300.0,306.0,327.0,246.0,
    10. ORDEN PÚBLICO,362.0,279.0,440.0,168.0,166.0,165.0,154.0,230.0,377.0,410.0,433.0,481.0,412.0,
    11. LEGISLACIÓN ESPECIAL,1.0,2.0,0.0,0.0,2.0,1.0,1.0,1.0,0.0,0.0,0.0,3.0,1.0,
    TOTAL INFRACCIONES PENALES,23709.0,19894.0,16585.0,18073.0,17674.0,17440.0,17002.0,16754.0,17187.0,17239.0,18297.0,18249.0,17487.0,
CASTILLA Y LEÓN,
    1. CONTRA LAS PERSONAS,8473.0,7252.0,6231.0,7345.0,7213.0,7127.0,6922.0,10203.0,13110.0,13015.0,13943.0,14733.0,14241.0,
    1.1.-Homicidios dolosos/asesinatos,55.0,38.0,44.0,38.0,34.0,30.0,28.0,27.0,44.0,41.0,48.0,47.0,38.0,
    1.1.1.-Homicidios dolosos/asesinatos consumados,16.0,13.0,16.0,8.0,11.0,13.0,11.0,9.0,14.0,19.0,15.0,20.0,10.0,
    1.2.-Lesiones,5126.0,4220.0,3471.0,4571.0,4594.0,4650.0,4523.0,4725.0,4708.0,4668.0,5410.0,5702.0,5484.0,
    1.4.-Otros contra las personas,246.0,208.0,203.0,289.0,209.0,115.0,73.0,3211.0,6101.0,6171.0,6314.0,6674.0,6505.0,
    2.2.-Otros contra la libertad,5491.0,5542.0,4817.0,4866.0,4731.0,4557.0,4565.0,2685.0,742.0,737.0,740.0,727.0,691.0,
    3.3.-Corrupción de menores o incapacitados,23.0,19.0,12.0,15.0,10.0,21.0,10.0,23.0,18.0,7.0,7.0,6.0,7.0,
    3.4.-Pornografía de menores,44.0,22.0,27.0,31.0,44.0,23.0,28.0,21.0,20.0,15.0,26.0,16.0,34.0,
    3.5.-Otros contra la libertad sexual,84.0,66.0,80.0,105.0,60.0,67.0,45.0,57.0,67.0,31.0,49.0,41.0,58.0,
    5. PATRIMONIO,63435.0,52662.0,46705.0,56640.0,55843.0,53459.0,54234.0,54991.0,55997.0,58837.0,61485.0,59573.0,61232.0,
    5.1.-Hurtos,17361.0,13785.0,11414.0,19206.0,19715.0,21070.0,22480.0,24474.0,25336.0,28107.0,28694.0,27745.0,28537.0,
    5.2.-Robos con fuerza en las cosas,8160.0,6994.0,6517.0,8819.0,9513.0,9684.0,10186.0,10304.0,11363.0,12317.0,13456.0,12460.0,13339.0,
    5.3.-Robos con violencia o intimidación,710.0,625.0,542.0,706.0,708.0,726.0,847.0,914.0,948.0,1121.0,1199.0,1276.0,1321.0,
    5.4.-Sustracción de vehículos,512.0,466.0,400.0,573.0,572.0,659.0,901.0,789.0,757.0,790.0,976.0,1120.0,1410.0,
    5.5.-Estafas,23905.0,18399.0,17504.0,14621.0,13155.0,9555.0,7850.0,6317.0,5092.0,4138.0,4130.0,3616.0,3173.0,
    5.5.1.-Estafas informáticas,18968.0,14457.0,13841.0,9464.0,6511.0,4606.0,3370.0,2411.0,1874.0,1403.0,1172.0,849.0,845.0,
    5.6.-Daños,10495.0,10243.0,8662.0,10845.0,10388.0,10399.0,10667.0,10672.0,10879.0,10914.0,11887.0,12354.0,12712.0,
    5.8.-Blanqueo de capitales,9.0,5.0,6.0,9.0,9.0,6.0,6.0,6.0,3.0,8.0,3.0,3.0,5.0,
    5.9.-Otros contra el patrimonio,2238.0,2079.0,1620.0,1810.0,1703.0,1297.0,1236.0,1451.0,1518.0,1302.0,1071.0,908.0,657.0,
    6.1.-Tráfico de drogas,482.0,492.0,502.0,447.0,408.0,334.0,352.0,313.0,380.0,380.0,364.0,407.0,339.0,
    7. FALSEDADES,1706.0,1517.0,1029.0,840.0,811.0,774.0,643.0,541.0,521.0,474.0,441.0,453.0,432.0,
    8. ADMÓN. PÚBLICA,18.0,19.0,13.0,14.0,17.0,26.0,8.0,10.0,9.0,8.0,10.0,4.0,12.0,
    9. ADMÓN. JUSTICIA,1516.0,1240.0,1078.0,1186.0,1097.0,1054.0,1057.0,1005.0,1004.0,953.0,1009.0,1105.0,1130.0,
    10. ORDEN PÚBLICO,1018.0,962.0,1078.0,750.0,700.0,699.0,622.0,951.0,1228.0,1332.0,1559.0,1612.0,1539.0,
    11. LEGISLACIÓN ESPECIAL,5.0,3.0,2.0,10.0,0.0,8.0,2.0,2.0,3.0,0.0,2.0,4.0,2.0,
    TOTAL INFRACCIONES PENALES,86844.0,74008.0,65025.0,76363.0,74863.0,71874.0,72037.0,74503.0,77013.0,79904.0,84400.0,83809.0,84509.0,
CASTILLA - LA MANCHA,
    1. CONTRA LAS PERSONAS,8388.0,7346.0,6376.0,7335.0,6828.0,6583.0,6383.0,8877.0,11389.0,11134.0,11949.0,12264.0,12305.0,
    1.1.-Homicidios dolosos/asesinatos,66.0,78.0,52.0,41.0,37.0,46.0,38.0,38.0,47.0,34.0,37.0,27.0,44.0,
    1.1.1.-Homicidios dolosos/asesinatos consumados,19.0,10.0,17.0,11.0,8.0,12.0,11.0,13.0,16.0,15.0,17.0,8.0,12.0,
    1.2.-Lesiones,4708.0,4007.0,3268.0,4077.0,3822.0,3836.0,3821.0,3793.0,4036.0,3960.0,4281.0,4581.0,4506.0,
    1.4.-Otros contra las personas,178.0,152.0,150.0,169.0,111.0,94.0,67.0,2553.0,4875.0,4806.0,5157.0,5153.0,5120.0,
    2.2.-Otros contra la libertad,5009.0,4806.0,4208.0,4058.0,3976.0,3769.0,3644.0,2130.0,764.0,780.0,770.0,797.0,605.0,
    3.3.-Corrupción de menores o incapacitados,11.0,20.0,18.0,15.0,17.0,27.0,24.0,17.0,14.0,6.0,10.0,14.0,10.0,
    3.4.-Pornografía de menores,13.0,21.0,16.0,31.0,34.0,18.0,15.0,21.0,18.0,11.0,15.0,12.0,24.0,
    3.5.-Otros contra la libertad sexual,76.0,61.0,55.0,75.0,74.0,64.0,65.0,51.0,46.0,68.0,30.0,48.0,52.0,
    5. PATRIMONIO,57046.0,45899.0,42905.0,50473.0,49886.0,46528.0,46605.0,49126.0,50648.0,53668.0,53616.0,52494.0,50702.0,
    5.1.-Hurtos,14393.0,10970.0,9588.0,13831.0,14490.0,15200.0,15746.0,17080.0,17463.0,18960.0,18808.0,18555.0,17432.0,
    5.2.-Robos con fuerza en las cosas,10344.0,8622.0,9102.0,11888.0,13287.0,13183.0,14383.0,15750.0,16892.0,18593.0,18255.0,17690.0,17045.0,
    5.3.-Robos con violencia o intimidación,899.0,882.0,754.0,978.0,968.0,1026.0,1006.0,1010.0,1091.0,1388.0,1419.0,1346.0,1220.0,
    5.4.-Sustracción de vehículos,654.0,521.0,488.0,615.0,668.0,1105.0,1511.0,1283.0,1197.0,1261.0,1450.0,1661.0,1876.0,
    5.5.-Estafas,18774.0,14211.0,13290.0,11699.0,9479.0,6232.0,4937.0,4456.0,3954.0,3674.0,3751.0,3305.0,2754.0,
    5.5.1.-Estafas informáticas,13608.0,9797.0,8405.0,6445.0,4789.0,2796.0,2075.0,2012.0,1509.0,1255.0,1092.0,861.0,689.0,
    5.6.-Daños,9024.0,8075.0,7228.0,8681.0,8469.0,7785.0,7335.0,7897.0,8177.0,8434.0,8840.0,8962.0,9568.0,
    5.8.-Blanqueo de capitales,32.0,21.0,13.0,19.0,8.0,8.0,8.0,5.0,4.0,4.0,3.0,6.0,6.0,
    5.9.-Otros contra el patrimonio,2906.0,2579.0,2428.0,2724.0,2431.0,1960.0,1656.0,1623.0,1833.0,1299.0,1042.0,912.0,720.0,
    6.1.-Tráfico de drogas,560.0,570.0,552.0,465.0,439.0,426.0,361.0,352.0,438.0,482.0,418.0,444.0,409.0,
    7. FALSEDADES,1842.0,1748.0,1251.0,1177.0,1061.0,942.0,840.0,752.0,804.0,706.0,663.0,713.0,550.0,
    8. ADMÓN. PÚBLICA,9.0,41.0,13.0,29.0,37.0,65.0,10.0,13.0,15.0,15.0,7.0,9.0,7.0,
    9. ADMÓN. JUSTICIA,1663.0,1355.0,1181.0,1250.0,1152.0,1016.0,1027.0,1086.0,1119.0,1050.0,1021.0,1109.0,1149.0,
    10. ORDEN PÚBLICO,985.0,935.0,1220.0,766.0,702.0,649.0,613.0,693.0,961.0,1106.0,1237.0,1389.0,1275.0,
    11. LEGISLACIÓN ESPECIAL,11.0,3.0,4.0,6.0,9.0,9.0,4.0,7.0,2.0,2.0,0.0,3.0,1.0,
    TOTAL INFRACCIONES PENALES,80842.0,67412.0,61908.0,70308.0,68332.0,64006.0,63579.0,66978.0,70198.0,73463.0,74403.0,74460.0,71603.0,
CATALUÑA,
    1. CONTRA LAS PERSONAS,23180.0,19854.0,16105.0,21109.0,20684.0,20582.0,19569.0,27269.0,36313.0,35622.0,37270.0,38159.0,37650.0,
    1.1.-Homicidios dolosos/asesinatos,264.0,270.0,198.0,248.0,213.0,209.0,196.0,151.0,197.0,178.0,275.0,242.0,270.0,
    1.1.1.-Homicidios dolosos/asesinatos consumados,62.0,57.0,48.0,58.0,45.0,65.0,54.0,42.0,57.0,43.0,74.0,76.0,97.0,
    1.2.-Lesiones,14828.0,12456.0,9617.0,14002.0,13726.0,13698.0,13227.0,13296.0,13505.0,13579.0,14751.0,15687.0,15552.0,
    1.4.-Otros contra las personas,444.0,380.0,352.0,371.0,387.0,424.0,34.0,7994.0,16381.0,15554.0,15978.0,15865.0,15347.0,
    2.2.-Otros contra la libertad,19684.0,18847.0,14421.0,17168.0,16832.0,16370.0,16264.0,12263.0,7648.0,7523.0,7518.0,7534.0,6625.0,
    3.3.-Corrupción de menores o incapacitados,17.0,5.0,4.0,7.0,6.0,5.0,4.0,16.0,8.0,5.0,6.0,11.0,59.0,
    3.4.-Pornografía de menores,189.0,140.0,172.0,211.0,225.0,168.0,157.0,195.0,182.0,122.0,138.0,173.0,157.0,
    3.5.-Otros contra la libertad sexual,295.0,314.0,286.0,318.0,269.0,288.0,332.0,308.0,326.0,310.0,257.0,278.0,291.0,
    5. PATRIMONIO,400321.0,322683.0,300574.0,425113.0,409295.0,361790.0,344365.0,350445.0,351985.0,361187.0,379323.0,375452.0,388023.0,
    5.1.-Hurtos,162170.0,118746.0,110685.0,192053.0,192054.0,173684.0,162942.0,165519.0,164413.0,166537.0,177583.0,179788.0,181198.0,
    5.2.-Robos con fuerza en las cosas,64306.0,57748.0,55190.0,76612.0,71069.0,65020.0,66104.0,68484.0,71452.0,78187.0,83150.0,83564.0,93702.0,
    5.3.-Robos con violencia o intimidación,25049.0,20501.0,17082.0,26448.0,22506.0,20615.0,20152.0,21514.0,24213.0,28950.0,31792.0,27961.0,25154.0,
    5.4.-Sustracción de vehículos,7411.0,6168.0,6130.0,9711.0,9193.0,8855.0,7976.0,8651.0,9102.0,10426.0,11227.0,11887.0,12538.0,
    5.5.-Estafas,88649.0,67916.0,64204.0,63310.0,62515.0,45004.0,38525.0,35530.0,29701.0,25363.0,24756.0,17425.0,16275.0,
    5.5.1.-Estafas informáticas,61607.0,47314.0,46982.0,40016.0,722.0,522.0,541.0,587.0,593.0,585.0,583.0,491.0,552.0,
    5.6.-Daños,39074.0,38295.0,35469.0,43433.0,40176.0,38529.0,38365.0,38961.0,37739.0,39097.0,40860.0,43557.0,47961.0,
    5.8.-Blanqueo de capitales,47.0,38.0,31.0,22.0,23.0,27.0,42.0,29.0,34.0,34.0,28.0,28.0,21.0,
    5.9.-Otros contra el patrimonio,13372.0,12983.0,11605.0,13264.0,11413.0,9823.0,9907.0,11381.0,14910.0,12149.0,9374.0,10572.0,10578.0,
    6.1.-Tráfico de drogas,3965.0,3874.0,2946.0,2615.0,2452.0,2269.0,2183.0,1953.0,2051.0,2064.0,2074.0,2169.0,1715.0,
    7. FALSEDADES,4715.0,4097.0,2787.0,3791.0,3456.0,3235.0,3563.0,3241.0,3368.0,3486.0,3855.0,4339.0,4550.0,
    8. ADMÓN. PÚBLICA,152.0,106.0,34.0,58.0,52.0,81.0,65.0,58.0,67.0,68.0,30.0,45.0,52.0,
    9. ADMÓN. JUSTICIA,4043.0,3680.0,3172.0,3519.0,3464.0,3383.0,3240.0,3261.0,3405.0,3450.0,3478.0,3724.0,3766.0,
    10. ORDEN PÚBLICO,4138.0,3785.0,2962.0,3073.0,2775.0,2539.0,2304.0,3236.0,3908.0,4467.0,4634.0,5258.0,4677.0,
    11. LEGISLACIÓN ESPECIAL,15.0,13.0,10.0,13.0,17.0,10.0,19.0,46.0,78.0,83.0,116.0,79.0,97.0,
    TOTAL INFRACCIONES PENALES,475031.0,390356.0,353052.0,489265.0,471510.0,422286.0,403928.0,415464.0,422864.0,431914.0,453156.0,454871.0,464923.0,
COMUNITAT VALENCIANA,
    1. CONTRA LAS PERSONAS,27316.0,23240.0,20231.0,23332.0,22039.0,21164.0,20598.0,26573.0,33506.0,32380.0,33893.0,34817.0,34995.0,
    1.1.-Homicidios dolosos/asesinatos,175.0,152.0,126.0,148.0,118.0,106.0,125.0,100.0,100.0,76.0,114.0,125.0,106.0,
    1.1.1.-Homicidios dolosos/asesinatos consumados,38.0,35.0,37.0,40.0,25.0,41.0,30.0,48.0,32.0,32.0,51.0,46.0,46.0,
    1.2.-Lesiones,13947.0,11279.0,9208.0,11815.0,11366.0,11154.0,11061.0,10833.0,11396.0,11626.0,12168.0,12963.0,12694.0,
    1.4.-Otros contra las personas,483.0,407.0,289.0,358.0,346.0,251.0,158.0,6608.0,13247.0,12322.0,13292.0,13313.0,13183.0,
    2.2.-Otros contra la libertad,13550.0,13333.0,11703.0,11282.0,10818.0,10782.0,10238.0,6388.0,2692.0,2692.0,2732.0,2890.0,2858.0,
    3.3.-Corrupción de menores o incapacitados,66.0,67.0,43.0,57.0,35.0,76.0,52.0,86.0,63.0,57.0,55.0,45.0,39.0,
    3.4.-Pornografía de menores,78.0,73.0,62.0,100.0,87.0,85.0,78.0,88.0,71.0,59.0,73.0,109.0,167.0,
    3.5.-Otros contra la libertad sexual,248.0,239.0,230.0,246.0,218.0,211.0,252.0,228.0,230.0,217.0,231.0,224.0,231.0,
    5. PATRIMONIO,191865.0,161695.0,137438.0,174091.0,175524.0,173357.0,177644.0,179704.0,187271.0,201297.0,217131.0,221719.0,225991.0,
    5.1.-Hurtos,71315.0,57738.0,43801.0,68122.0,70169.0,73922.0,77169.0,78850.0,80030.0,84869.0,88359.0,89452.0,90667.0,
    5.2.-Robos con fuerza en las cosas,33752.0,28638.0,26465.0,35068.0,36312.0,37439.0,40730.0,41473.0,47121.0,53803.0,59885.0,63936.0,67089.0,
    5.3.-Robos con violencia o intimidación,5663.0,4578.0,3772.0,4950.0,5065.0,5393.0,5917.0,6152.0,6988.0,9141.0,10643.0,10166.0,10385.0,
    5.4.-Sustracción de vehículos,3160.0,2491.0,2377.0,3190.0,3282.0,3918.0,4390.0,4358.0,4660.0,5119.0,5986.0,7072.0,8033.0,
    5.5.-Estafas,43523.0,36275.0,32723.0,29688.0,27926.0,20844.0,17622.0,15837.0,13971.0,12422.0,12594.0,11006.0,9050.0,
    5.5.1.-Estafas informáticas,29040.0,24428.0,21917.0,15758.0,11283.0,7989.0,6246.0,5004.0,3898.0,3133.0,3193.0,2451.0,2269.0,
    5.6.-Daños,26456.0,25274.0,22310.0,26649.0,26842.0,26863.0,27228.0,27949.0,29589.0,31442.0,35361.0,36589.0,37604.0,
    5.8.-Blanqueo de capitales,55.0,77.0,63.0,55.0,55.0,46.0,44.0,24.0,30.0,50.0,21.0,7.0,11.0,
    5.9.-Otros contra el patrimonio,7746.0,6428.0,5781.0,6192.0,5588.0,4697.0,4299.0,4807.0,4639.0,4149.0,3966.0,3208.0,2658.0,
    6.1.-Tráfico de drogas,2034.0,1983.0,1863.0,1979.0,1759.0,1592.0,1654.0,1506.0,1651.0,1872.0,1494.0,1399.0,1409.0,
    7. FALSEDADES,4883.0,4535.0,3109.0,3250.0,3206.0,2794.0,2687.0,2379.0,2403.0,2102.0,2234.0,2569.0,2259.0,
    8. ADMÓN. PÚBLICA,52.0,89.0,48.0,48.0,79.0,72.0,48.0,97.0,37.0,31.0,55.0,42.0,60.0,
    9. ADMÓN. JUSTICIA,5525.0,4897.0,4721.0,4643.0,4361.0,4214.0,4019.0,4137.0,4086.0,4054.0,4215.0,4337.0,4249.0,
    10. ORDEN PÚBLICO,3717.0,3522.0,4137.0,2671.0,2577.0,2532.0,2450.0,3100.0,4201.0,4333.0,4478.0,4733.0,4383.0,
    11. LEGISLACIÓN ESPECIAL,26.0,29.0,28.0,11.0,13.0,6.0,6.0,17.0,6.0,8.0,5.0,12.0,19.0,
    TOTAL INFRACCIONES PENALES,262971.0,225337.0,193222.0,232549.0,231627.0,227102.0,230209.0,234725.0,247371.0,260288.0,277917.0,284696.0,287158.0,
EXTREMADURA,
    1. CONTRA LAS PERSONAS,3304.0,3086.0,2740.0,3185.0,3097.0,3184.0,3130.0,4245.0,5421.0,5210.0,5312.0,5655.0,6059.0,
    1.1.-Homicidios dolosos/asesinatos,10.0,25.0,21.0,13.0,17.0,24.0,17.0,9.0,13.0,17.0,21.0,26.0,15.0,
    1.1.1.-Homicidios dolosos/asesinatos consumados,3.0,4.0,9.0,5.0,4.0,8.0,7.0,1.0,4.0,7.0,13.0,10.0,3.0,
    1.2.-Lesiones,1972.0,1849.0,1579.0,1932.0,1955.0,2087.0,2059.0,1902.0,1936.0,1926.0,2057.0,2150.0,2380.0,
    1.4.-Otros contra las personas,55.0,66.0,56.0,67.0,75.0,39.0,35.0,1321.0,2486.0,2287.0,2273.0,2531.0,2740.0,
    2.2.-Otros contra la libertad,2365.0,2291.0,2121.0,2158.0,1990.0,2025.0,1846.0,1035.0,401.0,343.0,367.0,416.0,364.0,
    3.3.-Corrupción de menores o incapacitados,8.0,10.0,8.0,12.0,5.0,5.0,11.0,10.0,12.0,6.0,3.0,5.0,8.0,
    3.4.-Pornografía de menores,10.0,12.0,5.0,9.0,11.0,12.0,7.0,15.0,9.0,8.0,5.0,16.0,18.0,
    3.5.-Otros contra la libertad sexual,28.0,29.0,35.0,33.0,29.0,30.0,23.0,28.0,37.0,18.0,17.0,28.0,21.0,
    5. PATRIMONIO,22187.0,17870.0,16499.0,18583.0,18333.0,18059.0,18274.0,18942.0,19164.0,20336.0,20166.0,19568.0,20060.0,
    5.1.-Hurtos,6388.0,4820.0,4228.0,6566.0,6616.0,7245.0,7456.0,8083.0,8619.0,9523.0,9014.0,8411.0,8710.0,
    5.2.-Robos con fuerza en las cosas,3490.0,2773.0,2876.0,3379.0,3747.0,3994.0,4414.0,4585.0,4687.0,5079.0,5207.0,5313.0,5273.0,
    5.3.-Robos con violencia o intimidación,296.0,224.0,211.0,320.0,252.0,277.0,302.0,308.0,297.0,390.0,388.0,378.0,441.0,
    5.4.-Sustracción de vehículos,163.0,152.0,151.0,144.0,160.0,336.0,416.0,382.0,379.0,402.0,418.0,560.0,610.0,
    5.5.-Estafas,7577.0,5754.0,5378.0,3873.0,3453.0,2268.0,1952.0,1748.0,1344.0,1048.0,1124.0,1005.0,907.0,
    5.5.1.-Estafas informáticas,6577.0,4594.0,3917.0,2410.0,1879.0,1031.0,852.0,602.0,517.0,330.0,400.0,287.0,279.0,
    5.6.-Daños,3521.0,3380.0,2967.0,3504.0,3225.0,3326.0,3171.0,3196.0,3173.0,3269.0,3510.0,3560.0,3816.0,
    5.8.-Blanqueo de capitales,4.0,7.0,5.0,2.0,1.0,2.0,3.0,3.0,1.0,0.0,0.0,0.0,0.0,
    5.9.-Otros contra el patrimonio,736.0,745.0,658.0,753.0,816.0,588.0,523.0,603.0,627.0,577.0,469.0,298.0,245.0,
    6.1.-Tráfico de drogas,265.0,324.0,301.0,323.0,233.0,201.0,198.0,201.0,270.0,306.0,291.0,313.0,253.0,
    7. FALSEDADES,705.0,714.0,524.0,445.0,445.0,373.0,347.0,299.0,269.0,237.0,246.0,246.0,197.0,
    8. ADMÓN. PÚBLICA,2.0,14.0,2.0,8.0,10.0,4.0,11.0,1.0,2.0,3.0,5.0,5.0,3.0,
    9. ADMÓN. JUSTICIA,785.0,696.0,662.0,680.0,602.0,614.0,599.0,530.0,523.0,603.0,514.0,542.0,536.0,
    10. ORDEN PÚBLICO,336.0,335.0,488.0,290.0,246.0,281.0,288.0,354.0,452.0,463.0,575.0,635.0,573.0,
    11. LEGISLACIÓN ESPECIAL,9.0,9.0,7.0,5.0,17.0,16.0,0.0,1.0,2.0,3.0,1.0,2.0,0.0,
    TOTAL INFRACCIONES PENALES,32093.0,27266.0,25041.0,27591.0,26813.0,26411.0,26286.0,27251.0,28221.0,29338.0,29470.0,29479.0,30016.0,
GALICIA,
    1. CONTRA LAS PERSONAS,9217.0,7841.0,7268.0,8027.0,8039.0,7927.0,7854.0,11296.0,14264.0,14182.0,14814.0,14957.0,14617.0,
    1.1.-Homicidios dolosos/asesinatos,52.0,52.0,44.0,41.0,33.0,40.0,35.0,56.0,62.0,50.0,46.0,53.0,50.0,
    1.1.1.-Homicidios dolosos/asesinatos consumados,7.0,18.0,11.0,16.0,8.0,13.0,12.0,19.0,20.0,15.0,16.0,14.0,17.0,
    1.2.-Lesiones,5454.0,4606.0,4044.0,4804.0,4876.0,4905.0,4989.0,5114.0,5147.0,5337.0,5765.0,5977.0,5876.0,
    1.4.-Otros contra las personas,231.0,204.0,158.0,178.0,191.0,150.0,116.0,3475.0,6496.0,6150.0,6568.0,6402.0,6214.0,
    2.2.-Otros contra la libertad,6268.0,6234.0,5415.0,4992.0,5188.0,5277.0,5135.0,3085.0,1126.0,1032.0,1103.0,1023.0,899.0,
    3.3.-Corrupción de menores o incapacitados,19.0,8.0,7.0,14.0,4.0,15.0,19.0,11.0,25.0,18.0,14.0,6.0,10.0,
    3.4.-Pornografía de menores,29.0,40.0,36.0,39.0,36.0,30.0,33.0,37.0,18.0,17.0,19.0,26.0,37.0,
    3.5.-Otros contra la libertad sexual,83.0,119.0,87.0,89.0,67.0,73.0,76.0,53.0,43.0,40.0,43.0,63.0,54.0,
    5. PATRIMONIO,68054.0,63769.0,50924.0,56924.0,55664.0,51864.0,52691.0,53286.0,53652.0,56486.0,56690.0,54185.0,51987.0,
    5.1.-Hurtos,19527.0,15367.0,12348.0,18846.0,19903.0,20320.0,21326.0,22032.0,23027.0,24200.0,23606.0,22464.0,21461.0,
    5.2.-Robos con fuerza en las cosas,8661.0,7873.0,7538.0,9618.0,9990.0,10055.0,10893.0,11616.0,12017.0,13303.0,13300.0,12513.0,11989.0,
    5.3.-Robos con violencia o intimidación,963.0,853.0,767.0,945.0,951.0,1057.0,1086.0,1070.0,1116.0,1338.0,1558.0,1364.0,1440.0,
    5.4.-Sustracción de vehículos,528.0,405.0,437.0,604.0,584.0,794.0,1032.0,980.0,1258.0,1435.0,1696.0,1750.0,1934.0,
    5.5.-Estafas,25875.0,28218.0,19797.0,15683.0,12957.0,8588.0,7196.0,6168.0,4865.0,4168.0,3980.0,3383.0,2934.0,
    5.5.1.-Estafas informáticas,18456.0,19496.0,12696.0,9999.0,6836.0,4428.0,3070.0,2628.0,1882.0,1518.0,1456.0,1070.0,946.0,
    5.6.-Daños,10280.0,9089.0,8188.0,9311.0,9413.0,9537.0,9760.0,9924.0,9934.0,10771.0,11394.0,11670.0,11332.0,
    5.8.-Blanqueo de capitales,13.0,4.0,17.0,8.0,13.0,11.0,11.0,8.0,2.0,3.0,7.0,0.0,2.0,
    5.9.-Otros contra el patrimonio,2167.0,1931.0,1801.0,1808.0,1736.0,1448.0,1334.0,1411.0,1360.0,1156.0,1051.0,925.0,736.0,
    6.1.-Tráfico de drogas,505.0,458.0,552.0,517.0,433.0,371.0,345.0,348.0,374.0,409.0,432.0,460.0,459.0,
    7. FALSEDADES,1404.0,1491.0,1004.0,886.0,803.0,708.0,652.0,630.0,573.0,573.0,549.0,540.0,447.0,
    8. ADMÓN. PÚBLICA,25.0,11.0,19.0,21.0,16.0,17.0,18.0,37.0,38.0,21.0,10.0,22.0,17.0,
    9. ADMÓN. JUSTICIA,1568.0,1459.0,1403.0,1409.0,1266.0,1228.0,1061.0,1032.0,1054.0,1022.0,1048.0,1120.0,1150.0,
    10. ORDEN PÚBLICO,973.0,916.0,1108.0,718.0,795.0,732.0,746.0,937.0,1189.0,1323.0,1452.0,1523.0,1518.0,
    11. LEGISLACIÓN ESPECIAL,7.0,1.0,7.0,6.0,1.0,2.0,3.0,9.0,8.0,6.0,2.0,9.0,5.0,
    TOTAL INFRACCIONES PENALES,94904.0,88255.0,73344.0,80024.0,78526.0,74174.0,74405.0,76620.0,78253.0,81237.0,83180.0,81815.0,77548.0,
MADRID (COMUNIDAD DE),
    1. CONTRA LAS PERSONAS,33243.0,29383.0,25967.0,29288.0,27360.0,27093.0,25275.0,30615.0,35230.0,35149.0,37374.0,38965.0,39030.0,
    1.1.-Homicidios dolosos/asesinatos,183.0,131.0,136.0,110.0,114.0,125.0,117.0,90.0,110.0,90.0,107.0,95.0,98.0,
    1.1.1.-Homicidios dolosos/asesinatos consumados,46.0,37.0,38.0,32.0,36.0,39.0,33.0,30.0,41.0,37.0,48.0,46.0,51.0,
    1.2.-Lesiones,13585.0,12094.0,10596.0,13704.0,13078.0,13088.0,12717.0,12700.0,12354.0,12860.0,13361.0,14689.0,14764.0,
    1.4.-Otros contra las personas,636.0,540.0,426.0,567.0,415.0,334.0,330.0,6576.0,11705.0,11803.0,13223.0,13594.0,13808.0,
    2.2.-Otros contra la libertad,16186.0,16292.0,14532.0,14432.0,13459.0,12929.0,12325.0,7464.0,2688.0,2683.0,2662.0,2721.0,2623.0,
    3.3.-Corrupción de menores o incapacitados,43.0,46.0,46.0,55.0,45.0,57.0,63.0,47.0,41.0,46.0,29.0,16.0,29.0,
    3.4.-Pornografía de menores,88.0,104.0,95.0,108.0,99.0,94.0,55.0,87.0,73.0,67.0,67.0,91.0,90.0,
    3.5.-Otros contra la libertad sexual,341.0,342.0,278.0,305.0,290.0,280.0,267.0,227.0,239.0,230.0,191.0,231.0,214.0,
    5. PATRIMONIO,319089.0,269675.0,243275.0,337836.0,325802.0,319369.0,314569.0,304377.0,304167.0,317363.0,329046.0,325156.0,336388.0,
    5.1.-Hurtos,132920.0,108778.0,92213.0,154169.0,152704.0,156329.0,150409.0,144569.0,145386.0,151459.0,152503.0,153109.0,156514.0,
    5.2.-Robos con fuerza en las cosas,39960.0,33408.0,31715.0,47391.0,49133.0,48650.0,54586.0,52667.0,55553.0,59488.0,63266.0,65192.0,70721.0,
    5.3.-Robos con violencia o intimidación,12626.0,12153.0,10688.0,15372.0,14268.0,16314.0,16992.0,17454.0,18466.0,21921.0,24795.0,21619.0,20832.0,
    5.4.-Sustracción de vehículos,7397.0,6922.0,6235.0,8030.0,8620.0,10715.0,10504.0,10113.0,10352.0,12333.0,13236.0,13571.0,13739.0,
    5.5.-Estafas,80908.0,66354.0,64111.0,62010.0,51859.0,38707.0,32202.0,28950.0,23694.0,21599.0,22218.0,20144.0,21502.0,
    5.5.1.-Estafas informáticas,57794.0,46978.0,44139.0,32841.0,16509.0,8887.0,7210.0,7001.0,5128.0,4625.0,4826.0,3665.0,3226.0,
    5.6.-Daños,35696.0,34336.0,31429.0,42315.0,40852.0,41989.0,44007.0,43823.0,43351.0,44149.0,47782.0,47421.0,49311.0,
    5.8.-Blanqueo de capitales,73.0,47.0,42.0,35.0,32.0,43.0,37.0,74.0,36.0,34.0,49.0,30.0,37.0,
    5.9.-Otros contra el patrimonio,9326.0,7584.0,6766.0,8312.0,8100.0,6387.0,5577.0,6442.0,6857.0,5671.0,4654.0,3600.0,2913.0,
    6.1.-Tráfico de drogas,2984.0,2502.0,2470.0,2577.0,1955.0,1608.0,1463.0,1441.0,1599.0,1737.0,1943.0,2112.0,2876.0,
    7. FALSEDADES,8149.0,6857.0,4584.0,4042.0,3445.0,3257.0,2931.0,3371.0,3170.0,2823.0,2996.0,3737.0,3370.0,
    8. ADMÓN. PÚBLICA,59.0,60.0,35.0,55.0,87.0,37.0,78.0,57.0,32.0,24.0,37.0,28.0,46.0,
    9. ADMÓN. JUSTICIA,5377.0,5006.0,4481.0,4671.0,4464.0,4319.0,4029.0,3587.0,3505.0,3553.0,4013.0,4387.0,3802.0,
    10. ORDEN PÚBLICO,5479.0,5747.0,5673.0,4428.0,3754.0,3824.0,3793.0,4178.0,4930.0,5168.0,5528.0,5948.0,5136.0,
    11. LEGISLACIÓN ESPECIAL,11.0,22.0,9.0,24.0,10.0,15.0,10.0,19.0,9.0,10.0,17.0,15.0,2.0,
    TOTAL INFRACCIONES PENALES,401924.0,345987.0,310194.0,407736.0,389914.0,381242.0,373402.0,365006.0,365599.0,379114.0,393872.0,393029.0,401871.0,
MURCIA (REGIÓN DE),
    1. CONTRA LAS PERSONAS,7590.0,6658.0,5597.0,6237.0,6010.0,6033.0,5768.0,7534.0,8920.0,8457.0,9550.0,10017.0,9882.0,
    1.1.-Homicidios dolosos/asesinatos,59.0,60.0,51.0,39.0,36.0,45.0,34.0,37.0,33.0,26.0,36.0,39.0,43.0,
    1.1.1.-Homicidios dolosos/asesinatos consumados,8.0,14.0,10.0,13.0,11.0,14.0,12.0,12.0,8.0,5.0,10.0,10.0,15.0,
    1.2.-Lesiones,4129.0,3484.0,2966.0,3449.0,3333.0,3379.0,3185.0,3241.0,3289.0,3209.0,3545.0,3727.0,3953.0,
    1.4.-Otros contra las personas,112.0,84.0,76.0,71.0,61.0,43.0,39.0,1740.0,3198.0,2903.0,3554.0,3773.0,3495.0,
    2.2.-Otros contra la libertad,4396.0,4061.0,3641.0,3377.0,3077.0,2995.0,2714.0,1793.0,868.0,822.0,878.0,905.0,741.0,
    3.3.-Corrupción de menores o incapacitados,7.0,16.0,14.0,18.0,15.0,7.0,14.0,17.0,18.0,4.0,7.0,3.0,14.0,
    3.4.-Pornografía de menores,20.0,27.0,32.0,27.0,14.0,18.0,16.0,22.0,14.0,10.0,10.0,14.0,9.0,
    3.5.-Otros contra la libertad sexual,64.0,65.0,69.0,76.0,69.0,67.0,69.0,79.0,79.0,67.0,49.0,51.0,56.0,
    5. PATRIMONIO,49030.0,40153.0,35539.0,41700.0,40812.0,38611.0,38128.0,39276.0,37824.0,40564.0,41734.0,41304.0,41988.0,
    5.1.-Hurtos,15475.0,11925.0,9925.0,15138.0,14888.0,15261.0,15735.0,16697.0,15551.0,17166.0,17034.0,16390.0,16128.0,
    5.2.-Robos con fuerza en las cosas,10214.0,9127.0,8287.0,10780.0,11206.0,11571.0,11120.0,11376.0,11745.0,12637.0,12954.0,13165.0,13907.0,
    5.3.-Robos con violencia o intimidación,1999.0,1375.0,1207.0,1536.0,1444.0,1458.0,1495.0,1480.0,1433.0,1690.0,1787.0,1723.0,1581.0,
    5.4.-Sustracción de vehículos,774.0,666.0,726.0,909.0,951.0,1293.0,1352.0,1332.0,1224.0,1422.0,1582.0,1747.0,2393.0,
    5.5.-Estafas,12203.0,9622.0,8810.0,6655.0,5948.0,3245.0,2846.0,2543.0,2236.0,2046.0,2315.0,1913.0,1483.0,
    5.5.1.-Estafas informáticas,8651.0,6754.0,5887.0,3358.0,2034.0,1183.0,885.0,718.0,581.0,428.0,482.0,306.0,297.0,
    5.6.-Daños,6140.0,5447.0,4733.0,4813.0,4848.0,4783.0,4715.0,4661.0,4668.0,4730.0,5202.0,5622.0,5869.0,
    5.8.-Blanqueo de capitales,10.0,15.0,13.0,8.0,4.0,5.0,6.0,7.0,1.0,8.0,3.0,5.0,7.0,
    5.9.-Otros contra el patrimonio,2178.0,1931.0,1788.0,1818.0,1471.0,940.0,813.0,1119.0,922.0,796.0,807.0,681.0,477.0,
    6.1.-Tráfico de drogas,527.0,506.0,389.0,360.0,287.0,293.0,264.0,248.0,239.0,317.0,312.0,305.0,314.0,
    7. FALSEDADES,1378.0,1336.0,929.0,708.0,679.0,540.0,466.0,532.0,469.0,405.0,542.0,620.0,485.0,
    8. ADMÓN. PÚBLICA,9.0,28.0,25.0,14.0,16.0,23.0,10.0,5.0,6.0,8.0,9.0,3.0,10.0,
    9. ADMÓN. JUSTICIA,1618.0,1250.0,1159.0,1040.0,1009.0,893.0,894.0,810.0,884.0,783.0,971.0,931.0,882.0,
    10. ORDEN PÚBLICO,884.0,816.0,900.0,564.0,570.0,550.0,534.0,492.0,677.0,673.0,722.0,898.0,822.0,
    11. LEGISLACIÓN ESPECIAL,14.0,10.0,14.0,1.0,2.0,2.0,0.0,1.0,0.0,1.0,2.0,1.0,1.0,
    TOTAL INFRACCIONES PENALES,68717.0,57974.0,50969.0,57099.0,55398.0,52690.0,51309.0,53374.0,52655.0,54624.0,57449.0,57882.0,57769.0,
NAVARRA (COMUNIDAD FORAL DE),
    1. CONTRA LAS PERSONAS,3098.0,2470.0,2109.0,2693.0,2589.0,2427.0,2352.0,2945.0,4294.0,3712.0,2563.0,2961.0,2726.0,
    1.1.-Homicidios dolosos/asesinatos,24.0,23.0,23.0,18.0,25.0,28.0,7.0,15.0,15.0,15.0,10.0,16.0,13.0,
    1.1.1.-Homicidios dolosos/asesinatos consumados,3.0,2.0,1.0,5.0,10.0,7.0,1.0,3.0,1.0,4.0,2.0,5.0,3.0,
    1.2.-Lesiones,1838.0,1448.0,1108.0,1638.0,1506.0,1409.0,1382.0,1299.0,1484.0,1321.0,928.0,1040.0,973.0,
    1.4.-Otros contra las personas,127.0,63.0,45.0,36.0,42.0,34.0,34.0,872.0,1972.0,1716.0,1181.0,1449.0,1199.0,
    2.2.-Otros contra la libertad,2097.0,1910.0,1569.0,1648.0,1570.0,1549.0,1693.0,840.0,410.0,630.0,798.0,565.0,556.0,
    3.3.-Corrupción de menores o incapacitados,11.0,17.0,15.0,8.0,7.0,19.0,18.0,9.0,4.0,13.0,14.0,6.0,6.0,
    3.4.-Pornografía de menores,6.0,8.0,13.0,7.0,12.0,10.0,6.0,8.0,5.0,1.0,3.0,7.0,8.0,
    3.5.-Otros contra la libertad sexual,36.0,29.0,48.0,39.0,44.0,27.0,35.0,36.0,16.0,15.0,22.0,15.0,7.0,
    5. PATRIMONIO,23928.0,18724.0,16861.0,21485.0,19908.0,18463.0,18875.0,17511.0,19231.0,17447.0,15739.0,14576.0,13770.0,
    5.1.-Hurtos,8108.0,5523.0,4469.0,8538.0,7741.0,7572.0,8259.0,7845.0,8954.0,8231.0,6661.0,6124.0,5834.0,
    5.2.-Robos con fuerza en las cosas,2850.0,2358.0,2202.0,2912.0,3093.0,2877.0,3253.0,2833.0,3505.0,3310.0,3733.0,3667.0,3570.0,
    5.3.-Robos con violencia o intimidación,422.0,298.0,226.0,331.0,255.0,432.0,424.0,351.0,309.0,354.0,313.0,175.0,218.0,
    5.4.-Sustracción de vehículos,132.0,122.0,131.0,183.0,173.0,169.0,214.0,186.0,244.0,268.0,187.0,216.0,207.0,
    5.5.-Estafas,7817.0,5994.0,6365.0,5434.0,4649.0,3526.0,2933.0,2632.0,2064.0,1539.0,1564.0,1261.0,1138.0,
    5.5.1.-Estafas informáticas,4816.0,3673.0,3903.0,2734.0,2126.0,1728.0,1424.0,1285.0,792.0,612.0,512.0,310.0,280.0,
    5.6.-Daños,3759.0,3667.0,2841.0,3401.0,3303.0,3321.0,3238.0,3158.0,3532.0,3218.0,2920.0,2874.0,2537.0,
    5.8.-Blanqueo de capitales,7.0,10.0,6.0,4.0,2.0,3.0,3.0,3.0,1.0,0.0,0.0,0.0,1.0,
    5.9.-Otros contra el patrimonio,821.0,744.0,612.0,655.0,654.0,550.0,522.0,470.0,568.0,457.0,353.0,255.0,255.0,
    6.1.-Tráfico de drogas,147.0,147.0,146.0,159.0,140.0,134.0,200.0,146.0,196.0,137.0,105.0,146.0,131.0,
    7. FALSEDADES,617.0,693.0,435.0,374.0,340.0,269.0,515.0,245.0,294.0,227.0,226.0,264.0,259.0,
    8. ADMÓN. PÚBLICA,13.0,16.0,18.0,10.0,17.0,25.0,10.0,15.0,12.0,23.0,13.0,21.0,21.0,
    9. ADMÓN. JUSTICIA,500.0,390.0,387.0,415.0,407.0,327.0,341.0,321.0,261.0,198.0,234.0,230.0,235.0,
    10. ORDEN PÚBLICO,535.0,452.0,428.0,365.0,306.0,294.0,340.0,453.0,627.0,510.0,431.0,357.0,324.0,
    11. LEGISLACIÓN ESPECIAL,5.0,0.0,0.0,0.0,1.0,0.0,0.0,3.0,1.0,1.0,0.0,8.0,3.0,
    TOTAL INFRACCIONES PENALES,33409.0,26719.0,23596.0,29170.0,27269.0,24827.0,25704.0,23932.0,26558.0,23911.0,21635.0,20780.0,19474.0,
PAÍS VASCO,
    1. CONTRA LAS PERSONAS,8330.0,6457.0,5730.0,6884.0,6391.0,6193.0,5393.0,8881.0,12313.0,12268.0,12425.0,12633.0,11792.0,
    1.1.-Homicidios dolosos/asesinatos,71.0,62.0,42.0,37.0,43.0,41.0,37.0,54.0,37.0,41.0,35.0,50.0,38.0,
    1.1.1.-Homicidios dolosos/asesinatos consumados,8.0,11.0,13.0,10.0,6.0,5.0,6.0,11.0,10.0,13.0,12.0,12.0,10.0,
    1.2.-Lesiones,5353.0,4151.0,3609.0,4742.0,4579.0,4588.0,4191.0,4223.0,4537.0,4643.0,5024.0,5419.0,4968.0,
    1.4.-Otros contra las personas,488.0,408.0,418.0,439.0,449.0,405.0,415.0,3808.0,7007.0,6841.0,6715.0,6457.0,6133.0,
    2.2.-Otros contra la libertad,5365.0,5327.0,4914.0,5052.0,4962.0,4940.0,4600.0,3119.0,1426.0,1429.0,1437.0,1535.0,1439.0,
    3.3.-Corrupción de menores o incapacitados,15.0,10.0,14.0,8.0,11.0,11.0,9.0,16.0,17.0,7.0,17.0,10.0,12.0,
    3.4.-Pornografía de menores,16.0,30.0,41.0,34.0,43.0,42.0,39.0,34.0,28.0,19.0,38.0,46.0,77.0,
    3.5.-Otros contra la libertad sexual,104.0,97.0,96.0,109.0,119.0,61.0,53.0,76.0,69.0,51.0,48.0,64.0,41.0,
    5. PATRIMONIO,75817.0,61679.0,55878.0,71978.0,68582.0,62871.0,62837.0,62875.0,63332.0,65419.0,66523.0,63215.0,65555.0,
    5.1.-Hurtos,29230.0,22253.0,17916.0,30254.0,29376.0,27873.0,28944.0,28194.0,28217.0,28484.0,27500.0,26242.0,26549.0,
    5.2.-Robos con fuerza en las cosas,12113.0,10684.0,9408.0,12683.0,12528.0,12539.0,13167.0,14029.0,16002.0,17789.0,17519.0,17473.0,20220.0,
    5.3.-Robos con violencia o intimidación,2201.0,1426.0,1053.0,1643.0,1791.0,1787.0,1993.0,1908.0,2136.0,2733.0,3861.0,2888.0,2791.0,
    5.4.-Sustracción de vehículos,718.0,694.0,632.0,890.0,928.0,900.0,985.0,879.0,667.0,733.0,811.0,974.0,1179.0,
    5.5.-Estafas,21337.0,17347.0,18880.0,16596.0,14563.0,10724.0,8997.0,8465.0,6994.0,6311.0,6108.0,4755.0,3208.0,
    5.5.1.-Estafas informáticas,18861.0,15016.0,16591.0,13793.0,341.0,317.0,206.0,163.0,163.0,195.0,207.0,141.0,173.0,
    5.6.-Daños,8193.0,7359.0,6414.0,8103.0,7596.0,7729.0,7481.0,7588.0,7825.0,7967.0,9493.0,9779.0,10629.0,
    5.8.-Blanqueo de capitales,10.0,4.0,9.0,8.0,5.0,10.0,2.0,5.0,3.0,1.0,3.0,8.0,4.0,
    5.9.-Otros contra el patrimonio,1985.0,1901.0,1556.0,1786.0,1782.0,1302.0,1258.0,1783.0,1469.0,1386.0,1195.0,1079.0,949.0,
    6.1.-Tráfico de drogas,623.0,525.0,566.0,421.0,368.0,332.0,321.0,356.0,367.0,345.0,394.0,384.0,420.0,
    7. FALSEDADES,1687.0,1461.0,1087.0,1195.0,1025.0,963.0,952.0,1017.0,829.0,799.0,680.0,702.0,543.0,
    8. ADMÓN. PÚBLICA,15.0,16.0,18.0,12.0,13.0,17.0,27.0,34.0,36.0,24.0,26.0,18.0,25.0,
    9. ADMÓN. JUSTICIA,1736.0,1525.0,1401.0,1573.0,1502.0,1417.0,1492.0,1479.0,1418.0,1470.0,1458.0,1357.0,1170.0,
    10. ORDEN PÚBLICO,1437.0,1490.0,1680.0,985.0,897.0,897.0,892.0,1165.0,1636.0,1839.0,2143.0,2161.0,2405.0,
    11. LEGISLACIÓN ESPECIAL,1.0,2.0,6.0,7.0,0.0,1.0,1.0,3.0,3.0,5.0,0.0,2.0,1.0,
    TOTAL INFRACCIONES PENALES,101756.0,84781.0,77176.0,94536.0,90253.0,83687.0,82809.0,85501.0,88231.0,90599.0,92608.0,89567.0,90175.0,
RIOJA (LA),
    1. CONTRA LAS PERSONAS,1391.0,1166.0,942.0,1042.0,1057.0,1006.0,979.0,1176.0,1527.0,1462.0,1623.0,1625.0,1695.0,
    1.1.-Homicidios dolosos/asesinatos,9.0,8.0,8.0,5.0,3.0,6.0,3.0,6.0,9.0,7.0,6.0,7.0,6.0,
    1.1.1.-Homicidios dolosos/asesinatos consumados,1.0,3.0,5.0,0.0,1.0,0.0,0.0,1.0,3.0,0.0,1.0,2.0,2.0,
    1.2.-Lesiones,792.0,658.0,500.0,577.0,562.0,549.0,557.0,543.0,603.0,632.0,666.0,760.0,847.0,
    1.4.-Otros contra las personas,40.0,18.0,21.0,13.0,13.0,13.0,13.0,213.0,516.0,454.0,553.0,496.0,515.0,
    2.2.-Otros contra la libertad,719.0,684.0,482.0,450.0,454.0,410.0,402.0,281.0,151.0,127.0,154.0,119.0,133.0,
    3.3.-Corrupción de menores o incapacitados,5.0,3.0,8.0,4.0,1.0,3.0,3.0,3.0,5.0,4.0,5.0,2.0,3.0,
    3.4.-Pornografía de menores,2.0,3.0,4.0,2.0,7.0,1.0,1.0,1.0,3.0,3.0,2.0,5.0,7.0,
    3.5.-Otros contra la libertad sexual,6.0,13.0,32.0,6.0,6.0,6.0,3.0,6.0,1.0,2.0,3.0,3.0,5.0,
    5. PATRIMONIO,8254.0,5983.0,5460.0,6179.0,5894.0,5676.0,5764.0,6260.0,6352.0,7086.0,7267.0,7007.0,6555.0,
    5.1.-Hurtos,2743.0,1789.0,1475.0,2415.0,2366.0,2563.0,2791.0,2877.0,2725.0,2943.0,3144.0,2855.0,2668.0,
    5.2.-Robos con fuerza en las cosas,1251.0,844.0,806.0,942.0,1001.0,1271.0,1187.0,1438.0,1676.0,2066.0,1931.0,1967.0,2043.0,
    5.3.-Robos con violencia o intimidación,121.0,116.0,78.0,91.0,77.0,104.0,119.0,136.0,172.0,211.0,242.0,224.0,220.0,
    5.4.-Sustracción de vehículos,77.0,59.0,31.0,69.0,78.0,89.0,99.0,132.0,78.0,134.0,126.0,149.0,165.0,
    5.5.-Estafas,2487.0,1978.0,2014.0,1326.0,1052.0,458.0,397.0,449.0,444.0,482.0,532.0,475.0,308.0,
    5.5.1.-Estafas informáticas,2152.0,1794.0,1787.0,996.0,675.0,168.0,142.0,159.0,133.0,122.0,123.0,64.0,86.0,
    5.6.-Daños,1270.0,931.0,852.0,979.0,1097.0,1013.0,1004.0,1042.0,1092.0,1089.0,1182.0,1214.0,1066.0,
    5.8.-Blanqueo de capitales,2.0,0.0,1.0,2.0,1.0,1.0,2.0,1.0,2.0,0.0,1.0,1.0,2.0,
    5.9.-Otros contra el patrimonio,301.0,265.0,201.0,313.0,205.0,173.0,157.0,183.0,162.0,158.0,103.0,112.0,76.0,
    6.1.-Tráfico de drogas,98.0,75.0,72.0,105.0,73.0,80.0,63.0,61.0,62.0,69.0,69.0,62.0,64.0,
    7. FALSEDADES,180.0,174.0,55.0,73.0,64.0,52.0,66.0,62.0,73.0,52.0,81.0,93.0,54.0,
    8. ADMÓN. PÚBLICA,1.0,4.0,0.0,5.0,2.0,3.0,3.0,1.0,2.0,0.0,1.0,0.0,0.0,
    9. ADMÓN. JUSTICIA,267.0,223.0,139.0,229.0,185.0,136.0,157.0,126.0,131.0,115.0,147.0,141.0,137.0,
    10. ORDEN PÚBLICO,147.0,177.0,208.0,117.0,87.0,126.0,111.0,123.0,163.0,196.0,224.0,263.0,212.0,
    11. LEGISLACIÓN ESPECIAL,1.0,0.0,0.0,0.0,0.0,0.0,1.0,0.0,1.0,0.0,1.0,0.0,0.0,
    TOTAL INFRACCIONES PENALES,11754.0,9115.0,7827.0,8750.0,8274.0,7877.0,7997.0,8527.0,8925.0,9564.0,10154.0,9998.0,9448.0,
CIUDAD AUTÓNOMA DE CEUTA,
    1. CONTRA LAS PERSONAS,738.0,835.0,633.0,710.0,707.0,700.0,680.0,697.0,736.0,743.0,812.0,783.0,833.0,
    1.1.-Homicidios dolosos/asesinatos,35.0,12.0,7.0,20.0,2.0,8.0,14.0,7.0,15.0,17.0,11.0,11.0,5.0,
    1.1.1.-Homicidios dolosos/asesinatos consumados,4.0,2.0,2.0,4.0,1.0,1.0,4.0,1.0,6.0,2.0,0.0,4.0,1.0,
    1.2.-Lesiones,432.0,500.0,398.0,437.0,439.0,418.0,421.0,400.0,362.0,404.0,370.0,395.0,393.0,
    1.4.-Otros contra las personas,3.0,6.0,4.0,3.0,2.0,11.0,3.0,100.0,206.0,212.0,313.0,323.0,364.0,
    2.2.-Otros contra la libertad,323.0,365.0,333.0,279.0,232.0,231.0,282.0,147.0,58.0,62.0,77.0,41.0,56.0,
    3.3.-Corrupción de menores o incapacitados,1.0,0.0,1.0,0.0,0.0,1.0,4.0,0.0,0.0,1.0,0.0,0.0,3.0,
    3.4.-Pornografía de menores,3.0,2.0,1.0,0.0,2.0,0.0,0.0,0.0,1.0,0.0,0.0,0.0,3.0,
    3.5.-Otros contra la libertad sexual,2.0,10.0,10.0,6.0,6.0,5.0,7.0,3.0,3.0,4.0,1.0,2.0,3.0,
    5. PATRIMONIO,1817.0,1800.0,1714.0,2159.0,2243.0,2132.0,2361.0,2723.0,2767.0,3046.0,3433.0,2860.0,3053.0,
    5.1.-Hurtos,425.0,434.0,471.0,819.0,864.0,810.0,950.0,1067.0,1193.0,1260.0,1243.0,1081.0,983.0,
    5.2.-Robos con fuerza en las cosas,211.0,189.0,198.0,241.0,313.0,455.0,346.0,621.0,455.0,615.0,667.0,479.0,723.0,
    5.3.-Robos con violencia o intimidación,107.0,195.0,128.0,147.0,150.0,131.0,197.0,174.0,189.0,223.0,165.0,168.0,189.0,
    5.4.-Sustracción de vehículos,107.0,103.0,84.0,168.0,247.0,216.0,387.0,350.0,319.0,403.0,653.0,463.0,436.0,
    5.5.-Estafas,529.0,452.0,432.0,404.0,291.0,166.0,142.0,152.0,156.0,94.0,137.0,117.0,96.0,
    5.5.1.-Estafas informáticas,469.0,402.0,359.0,324.0,182.0,72.0,64.0,62.0,64.0,32.0,66.0,63.0,60.0,
    5.6.-Daños,378.0,344.0,350.0,331.0,324.0,313.0,296.0,327.0,411.0,416.0,486.0,485.0,553.0,
    5.8.-Blanqueo de capitales,1.0,0.0,0.0,1.0,4.0,1.0,1.0,0.0,1.0,0.0,0.0,1.0,0.0,
    5.9.-Otros contra el patrimonio,57.0,82.0,50.0,46.0,50.0,37.0,36.0,30.0,37.0,33.0,68.0,60.0,64.0,
    6.1.-Tráfico de drogas,115.0,205.0,220.0,297.0,166.0,227.0,257.0,388.0,567.0,894.0,1417.0,1413.0,1116.0,
    7. FALSEDADES,78.0,108.0,192.0,543.0,602.0,474.0,362.0,343.0,399.0,301.0,325.0,339.0,53.0,
    8. ADMÓN. PÚBLICA,0.0,0.0,1.0,8.0,8.0,11.0,4.0,5.0,5.0,5.0,2.0,4.0,2.0,
    9. ADMÓN. JUSTICIA,108.0,99.0,116.0,148.0,178.0,185.0,148.0,129.0,119.0,125.0,157.0,84.0,101.0,
    10. ORDEN PÚBLICO,152.0,183.0,174.0,165.0,134.0,159.0,120.0,120.0,168.0,168.0,174.0,155.0,160.0,
    11. LEGISLACIÓN ESPECIAL,2.0,2.0,4.0,5.0,3.0,1.0,3.0,0.0,0.0,0.0,0.0,10.0,13.0,
    TOTAL INFRACCIONES PENALES,3635.0,3916.0,3648.0,4746.0,4722.0,4503.0,4633.0,4961.0,5302.0,5850.0,7052.0,6294.0,5974.0,
CIUDAD AUTÓNOMA DE MELILLA,
    1. CONTRA LAS PERSONAS,926.0,900.0,870.0,931.0,874.0,889.0,888.0,979.0,1057.0,879.0,887.0,948.0,1011.0,
    1.1.-Homicidios dolosos/asesinatos,7.0,4.0,2.0,9.0,1.0,8.0,9.0,5.0,4.0,4.0,9.0,7.0,4.0,
    1.1.1.-Homicidios dolosos/asesinatos consumados,2.0,0.0,0.0,1.0,0.0,0.0,1.0,1.0,3.0,1.0,4.0,0.0,0.0,
    1.2.-Lesiones,532.0,539.0,522.0,592.0,574.0,569.0,578.0,491.0,523.0,474.0,452.0,478.0,501.0,
    1.4.-Otros contra las personas,19.0,24.0,24.0,11.0,24.0,8.0,8.0,133.0,228.0,175.0,184.0,204.0,254.0,
    2.2.-Otros contra la libertad,416.0,439.0,375.0,287.0,337.0,344.0,278.0,157.0,71.0,69.0,82.0,92.0,103.0,
    3.3.-Corrupción de menores o incapacitados,0.0,1.0,1.0,0.0,1.0,0.0,0.0,1.0,0.0,2.0,0.0,1.0,1.0,
    3.4.-Pornografía de menores,0.0,2.0,0.0,0.0,2.0,3.0,0.0,1.0,0.0,0.0,0.0,0.0,3.0,
    3.5.-Otros contra la libertad sexual,3.0,3.0,7.0,6.0,4.0,4.0,3.0,5.0,6.0,5.0,3.0,6.0,8.0,
    5. PATRIMONIO,2276.0,1984.0,2319.0,3281.0,3329.0,2826.0,2953.0,2955.0,2627.0,2834.0,2770.0,2917.0,2810.0,
    5.1.-Hurtos,732.0,576.0,778.0,1202.0,1237.0,1154.0,1312.0,1328.0,1116.0,1192.0,1250.0,1181.0,1043.0,
    5.2.-Robos con fuerza en las cosas,307.0,251.0,364.0,766.0,787.0,587.0,620.0,686.0,566.0,668.0,592.0,774.0,774.0,
    5.3.-Robos con violencia o intimidación,121.0,201.0,300.0,375.0,332.0,356.0,377.0,320.0,265.0,295.0,256.0,240.0,194.0,
    5.4.-Sustracción de vehículos,78.0,35.0,42.0,76.0,88.0,113.0,105.0,120.0,179.0,221.0,191.0,260.0,250.0,
    5.5.-Estafas,536.0,448.0,442.0,386.0,373.0,98.0,100.0,119.0,127.0,94.0,69.0,67.0,68.0,
    5.5.1.-Estafas informáticas,329.0,348.0,351.0,241.0,176.0,32.0,29.0,30.0,37.0,20.0,12.0,22.0,23.0,
    5.6.-Daños,427.0,406.0,323.0,380.0,445.0,421.0,375.0,348.0,321.0,327.0,363.0,336.0,438.0,
    5.8.-Blanqueo de capitales,1.0,1.0,0.0,5.0,0.0,1.0,1.0,1.0,1.0,1.0,1.0,3.0,0.0,
    5.9.-Otros contra el patrimonio,74.0,65.0,69.0,84.0,56.0,65.0,56.0,29.0,45.0,31.0,36.0,45.0,29.0,
    6.1.-Tráfico de drogas,69.0,230.0,232.0,76.0,48.0,64.0,82.0,112.0,158.0,206.0,167.0,198.0,174.0,
    7. FALSEDADES,58.0,50.0,99.0,289.0,196.0,42.0,52.0,91.0,77.0,145.0,244.0,248.0,42.0,
    8. ADMÓN. PÚBLICA,1.0,3.0,1.0,1.0,1.0,2.0,3.0,12.0,3.0,6.0,3.0,2.0,1.0,
    9. ADMÓN. JUSTICIA,106.0,84.0,101.0,97.0,78.0,67.0,78.0,80.0,77.0,43.0,69.0,67.0,70.0,
    10. ORDEN PÚBLICO,106.0,133.0,174.0,137.0,165.0,166.0,134.0,135.0,200.0,130.0,147.0,187.0,170.0,
    11. LEGISLACIÓN ESPECIAL,0.0,3.0,0.0,9.0,1.0,0.0,0.0,1.0,4.0,1.0,0.0,3.0,0.0,
    TOTAL INFRACCIONES PENALES,4309.0,4116.0,4470.0,5582.0,5488.0,4744.0,4832.0,4896.0,4618.0,4696.0,4639.0,4942.0,4652.0,
EN EL EXTRANJERO,
    1. CONTRA LAS PERSONAS,172.0,103.0,110.0,175.0,141.0,135.0,134.0,240.0,284.0,221.0,222.0,190.0,158.0,
    1.1.-Homicidios dolosos/asesinatos,1.0,0.0,1.0,2.0,0.0,0.0,0.0,3.0,1.0,2.0,1.0,2.0,2.0,
    1.1.1.-Homicidios dolosos/asesinatos consumados,1.0,0.0,1.0,1.0,0.0,0.0,0.0,2.0,0.0,2.0,0.0,1.0,2.0,
    1.2.-Lesiones,28.0,15.0,19.0,27.0,19.0,19.0,19.0,25.0,29.0,29.0,44.0,27.0,17.0,
    1.4.-Otros contra las personas,6.0,1.0,0.0,4.0,2.0,1.0,2.0,96.0,174.0,126.0,112.0,86.0,86.0,
    2.2.-Otros contra la libertad,193.0,236.0,251.0,316.0,305.0,283.0,386.0,252.0,162.0,116.0,74.0,79.0,53.0,
    3.3.-Corrupción de menores o incapacitados,1.0,4.0,1.0,0.0,1.0,3.0,1.0,1.0,3.0,0.0,2.0,2.0,5.0,
    3.4.-Pornografía de menores,2.0,2.0,8.0,12.0,8.0,16.0,6.0,3.0,10.0,4.0,5.0,13.0,15.0,
    3.5.-Otros contra la libertad sexual,7.0,3.0,6.0,6.0,5.0,5.0,3.0,4.0,4.0,6.0,3.0,2.0,2.0,
    5. PATRIMONIO,9917.0,6661.0,8725.0,14331.0,13478.0,20298.0,17341.0,18447.0,17927.0,15697.0,15899.0,15035.0,20188.0,
    5.1.-Hurtos,2078.0,832.0,912.0,3096.0,3030.0,3091.0,2882.0,2655.0,2552.0,2329.0,2567.0,2902.0,2427.0,
    5.2.-Robos con fuerza en las cosas,353.0,162.0,173.0,304.0,297.0,253.0,277.0,297.0,257.0,272.0,325.0,445.0,674.0,
    5.3.-Robos con violencia o intimidación,164.0,74.0,75.0,263.0,264.0,246.0,236.0,224.0,202.0,234.0,205.0,162.0,177.0,
    5.4.-Sustracción de vehículos,66.0,58.0,90.0,110.0,82.0,95.0,93.0,88.0,76.0,89.0,149.0,137.0,125.0,
    5.5.-Estafas,7007.0,5329.0,7262.0,10328.0,9531.0,16343.0,13532.0,14971.0,14696.0,12626.0,12541.0,11256.0,16688.0,
    5.5.1.-Estafas informáticas,5451.0,4011.0,5469.0,5812.0,3822.0,6102.0,4064.0,4316.0,4625.0,3922.0,3963.0,3502.0,4647.0,
    5.6.-Daños,40.0,28.0,18.0,51.0,55.0,55.0,32.0,30.0,19.0,45.0,41.0,45.0,28.0,
    5.8.-Blanqueo de capitales,8.0,0.0,3.0,9.0,6.0,11.0,11.0,15.0,7.0,10.0,6.0,8.0,5.0,
    5.9.-Otros contra el patrimonio,200.0,177.0,190.0,165.0,210.0,198.0,273.0,159.0,112.0,87.0,63.0,76.0,63.0,
    6.1.-Tráfico de drogas,23.0,17.0,19.0,15.0,12.0,12.0,14.0,16.0,16.0,4.0,2.0,16.0,6.0,
    7. FALSEDADES,113.0,112.0,148.0,270.0,391.0,631.0,478.0,475.0,487.0,403.0,286.0,189.0,226.0,
    8. ADMÓN. PÚBLICA,1.0,0.0,2.0,0.0,1.0,0.0,4.0,1.0,0.0,4.0,0.0,1.0,1.0,
    9. ADMÓN. JUSTICIA,20.0,16.0,18.0,30.0,28.0,25.0,22.0,18.0,26.0,20.0,7.0,8.0,13.0,
    10. ORDEN PÚBLICO,9.0,8.0,6.0,4.0,2.0,3.0,4.0,6.0,7.0,6.0,5.0,3.0,2.0,
    11. LEGISLACIÓN ESPECIAL,1.0,1.0,0.0,1.0,0.0,0.0,0.0,1.0,0.0,0.0,0.0,3.0,0.0,
    TOTAL INFRACCIONES PENALES,10629.0,7306.0,9395.0,15315.0,14504.0,21544.0,18541.0,19614.0,19054.0,16588.0,16599.0,15616.0,20734.0,


